dataset,fname,label,sublabel
b,set_b/Btraining_extrastole_127_1306764300147_C2.wav,extrastole,
b,set_b/Btraining_extrastole_128_1306344005749_A.wav,extrastole,
b,set_b/Btraining_extrastole_130_1306347376079_D.wav,extrastole,
b,set_b/Btraining_extrastole_134_1306428161797_C1.wav,extrastole,
b,set_b/Btraining_extrastole_138_1306762146980_B.wav,extrastole,
b,set_b/Btraining_extrastole_140_1306519735121_D.wav,extrastole,
b,set_b/Btraining_extrastole_144_1306522408528_B.wav,extrastole,
b,set_b/Btraining_extrastole_144_1306522408528_B1.wav,extrastole,
b,set_b/Btraining_extrastole_148_1306768801551_B.wav,extrastole,
b,set_b/Btraining_extrastole_151_1306779785624_B.wav,extrastole,
b,set_b/Btraining_extrastole_153_1306848820671_C.wav,extrastole,
b,set_b/Btraining_extrastole_154_1306935608852_D2.wav,extrastole,
b,set_b/Btraining_extrastole_163_1307104470471_C.wav,extrastole,
b,set_b/Btraining_extrastole_179_1307990076841_C.wav,extrastole,
b,set_b/Btraining_extrastole_184_1308073010307_A.wav,extrastole,
b,set_b/Btraining_extrastole_190_1308076920011_C.wav,extrastole,
b,set_b/Btraining_extrastole_191_1308077299430_A.wav,extrastole,
b,set_b/Btraining_extrastole_194_1308139824187_B.wav,extrastole,
b,set_b/Btraining_extrastole_198_1308141739338_B.wav,extrastole,
b,set_b/Btraining_extrastole_198_1308141739338_B1.wav,extrastole,
b,set_b/Btraining_extrastole_202_1308145175747_C1.wav,extrastole,
b,set_b/Btraining_extrastole_202_1308145175747_C2.wav,extrastole,
b,set_b/Btraining_extrastole_207_1308159792607_B.wav,extrastole,
b,set_b/Btraining_extrastole_207_1308159792607_B1.wav,extrastole,
b,set_b/Btraining_extrastole_209_1308162216750_D.wav,extrastole,
b,set_b/Btraining_extrastole_210_1308162935880_C.wav,extrastole,
b,set_b/Btraining_extrastole_213_1308245263936_D.wav,extrastole,
b,set_b/Btraining_extrastole_215_1308245664733_B.wav,extrastole,
b,set_b/Btraining_extrastole_215_1308245664733_B1.wav,extrastole,
b,set_b/Btraining_extrastole_216_1308245839516_A.wav,extrastole,
b,set_b/Btraining_extrastole_216_1308245839516_B.wav,extrastole,
b,set_b/Btraining_extrastole_220_1308250132896_B.wav,extrastole,
b,set_b/Btraining_extrastole_224_1308337157445_B.wav,extrastole,
b,set_b/Btraining_extrastole_229_1308594979317_B.wav,extrastole,
b,set_b/Btraining_extrastole_235_1308749032454_B.wav,extrastole,
b,set_b/Btraining_extrastole_237_1308750231222_A.wav,extrastole,
b,set_b/Btraining_extrastole_237_1308750231222_C.wav,extrastole,
b,set_b/Btraining_extrastole_249_1309202052376_C.wav,extrastole,
b,set_b/Btraining_extrastole_253_1309350256198_B.wav,extrastole,
b,set_b/Btraining_extrastole_261_1309353556003_C.wav,extrastole,
b,set_b/Btraining_extrastole_265_1309367698923_C.wav,extrastole,
b,set_b/Btraining_extrastole_274_1311075637574_A.wav,extrastole,
b,set_b/Btraining_extrastole_275_1310990852160_B.wav,extrastole,
b,set_b/Btraining_extrastole_286_1311170606028_D.wav,extrastole,
b,set_b/Btraining_extrastole_294_1311681084248_C.wav,extrastole,
b,set_b/Btraining_extrastole_298_1311685888900_C.wav,extrastole,
b,set_b/Btraining_murmur_112_1306243000964_A.wav,murmur,
b,set_b/Btraining_murmur_112_1306243000964_B.wav,murmur,
b,set_b/Btraining_murmur_112_1306243000964_D.wav,murmur,
b,set_b/Btraining_murmur_116_1306258689913_A.wav,murmur,
b,set_b/Btraining_murmur_116_1306258689913_C.wav,murmur,
b,set_b/Btraining_murmur_116_1306258689913_D.wav,murmur,
b,set_b/Btraining_murmur_122_1306325762831_C.wav,murmur,
b,set_b/Btraining_murmur_122_1306325762831_D.wav,murmur,
b,set_b/Btraining_murmur_156_1306936373241_B.wav,murmur,
b,set_b/Btraining_murmur_160_1307100683334_A.wav,murmur,
b,set_b/Btraining_murmur_160_1307100683334_B.wav,murmur,
b,set_b/Btraining_murmur_161_1307101199321_A.wav,murmur,
b,set_b/Btraining_murmur_162_1307101835989_A.wav,murmur,
b,set_b/Btraining_murmur_162_1307101835989_B.wav,murmur,
b,set_b/Btraining_murmur_164_1307106095995_B.wav,murmur,
b,set_b/Btraining_murmur_164_1307106095995_C.wav,murmur,
b,set_b/Btraining_murmur_165_1307109069581_C.wav,murmur,
b,set_b/Btraining_murmur_165_1307109069581_C2.wav,murmur,
b,set_b/Btraining_murmur_171_1307971016233_D.wav,murmur,
b,set_b/Btraining_murmur_171_1307971016233_D1.wav,murmur,
b,set_b/Btraining_murmur_171_1307971016233_E.wav,murmur,
b,set_b/Btraining_murmur_185_1308073325396_B.wav,murmur,
b,set_b/Btraining_murmur_185_1308073325396_C.wav,murmur,
b,set_b/Btraining_murmur_193_1308078104592_B.wav,murmur,
b,set_b/Btraining_murmur_193_1308078104592_C.wav,murmur,
b,set_b/Btraining_murmur_193_1308078104592_C1.wav,murmur,
b,set_b/Btraining_murmur_195_1308140095331_A.wav,murmur,
b,set_b/Btraining_murmur_195_1308140095331_C.wav,murmur,
b,set_b/Btraining_murmur_195_1308140095331_C1.wav,murmur,
b,set_b/Btraining_murmur_196_1308141034858_B.wav,murmur,
b,set_b/Btraining_murmur_196_1308141034858_C.wav,murmur,
b,set_b/Btraining_murmur_197_1308141235553_A.wav,murmur,
b,set_b/Btraining_murmur_197_1308141235553_C.wav,murmur,
b,set_b/Btraining_murmur_197_1308141235553_D.wav,murmur,
b,set_b/Btraining_murmur_200_1308144251434_C.wav,murmur,
b,set_b/Btraining_murmur_200_1308144251434_D.wav,murmur,
b,set_b/Btraining_murmur_203_1308162026258_B.wav,murmur,
b,set_b/Btraining_murmur_203_1308162026258_C1.wav,murmur,
b,set_b/Btraining_murmur_203_1308162026258_D.wav,murmur,
b,set_b/Btraining_murmur_204_1308159229275_B.wav,murmur,
b,set_b/Btraining_murmur_211_1308163238707_C.wav,murmur,
b,set_b/Btraining_murmur_223_1308337062581_D.wav,murmur,
b,set_b/Btraining_murmur_239_1309195730333_B.wav,murmur,
b,set_b/Btraining_murmur_239_1309195730333_C.wav,murmur,
b,set_b/Btraining_murmur_240_1309196119795_B.wav,murmur,
b,set_b/Btraining_murmur_240_1309196119795_C.wav,murmur,
b,set_b/Btraining_murmur_240_1309201366049_B.wav,murmur,
b,set_b/Btraining_murmur_242_1309197394064_B.wav,murmur,
b,set_b/Btraining_murmur_242_1309197394064_D.wav,murmur,
b,set_b/Btraining_murmur_244_1309198148498_B.wav,murmur,
b,set_b/Btraining_murmur_245_1309200438094_B.wav,murmur,
b,set_b/Btraining_murmur_248_1309201683806_A.wav,murmur,
b,set_b/Btraining_murmur_248_1309201683806_C.wav,murmur,
b,set_b/Btraining_murmur_254_1309350589009_A.wav,murmur,
b,set_b/Btraining_murmur_254_1309350589009_A1.wav,murmur,
b,set_b/Btraining_murmur_254_1309350589009_C.wav,murmur,
b,set_b/Btraining_murmur_254_1309350589009_D.wav,murmur,
b,set_b/Btraining_murmur_276_1311162716489_C.wav,murmur,
b,set_b/Btraining_murmur_281_1311165683454_A.wav,murmur,
b,set_b/Btraining_murmur_281_1311165683454_B.wav,murmur,
b,set_b/Btraining_murmur_281_1311165683454_D.wav,murmur,
b,set_b/Btraining_murmur_287_1311170903290_C.wav,murmur,
b,set_b/Btraining_murmur_288_1311164615284_D.wav,murmur,
b,set_b/Btraining_murmur_292_1311185449649_B.wav,murmur,
b,set_b/Btraining_murmur_292_1311185449649_C.wav,murmur,
b,set_b/Btraining_murmur_293_1311680805936_B1.wav,murmur,
b,set_b/Btraining_normal_103_1305031931979_B.wav,normal,
b,set_b/Btraining_normal_103_1305031931979_D1.wav,normal,
b,set_b/Btraining_normal_103_1305031931979_D2.wav,normal,
b,set_b/Btraining_normal_103_1305031931979_D3.wav,normal,
b,set_b/Btraining_normal_106_1306776721273_B1.wav,normal,
b,set_b/Btraining_normal_106_1306776721273_C1.wav,normal,
b,set_b/Btraining_normal_106_1306776721273_C2.wav,normal,
b,set_b/Btraining_normal_106_1306776721273_D1.wav,normal,
b,set_b/Btraining_normal_106_1306776721273_D2.wav,normal,
b,set_b/Btraining_normal_107_1305654946865_C1.wav,normal,
b,set_b/Btraining_normal_109_1305653646620_C.wav,normal,
b,set_b/Btraining_normal_113_1306244002866_D.wav,normal,
b,set_b/Btraining_normal_115_1306259437619_C.wav,normal,
b,set_b/Btraining_normal_117_1306262456650_B.wav,normal,
b,set_b/Btraining_normal_125_1306332456645_B.wav,normal,
b,set_b/Btraining_normal_126_1306777102824_B.wav,normal,
b,set_b/Btraining_normal_126_1306777102824_C.wav,normal,
b,set_b/Btraining_normal_126_1306777102824_D.wav,normal,
b,set_b/Btraining_normal_127_1306764300147_A.wav,normal,
b,set_b/Btraining_normal_127_1306764300147_B.wav,normal,
b,set_b/Btraining_normal_127_1306764300147_C1.wav,normal,
b,set_b/Btraining_normal_128_1306344005749_B.wav,normal,
b,set_b/Btraining_normal_128_1306344005749_D.wav,normal,
b,set_b/Btraining_normal_128_1306344005749_D1.wav,normal,
b,set_b/Btraining_normal_129_1306344506305_B1.wav,normal,
b,set_b/Btraining_normal_129_1306344506305_D.wav,normal,
b,set_b/Btraining_normal_129_1306344506305_D1.wav,normal,
b,set_b/Btraining_normal_133_1306759619127_A.wav,normal,
b,set_b/Btraining_normal_133_1306759619127_B.wav,normal,
b,set_b/Btraining_normal_133_1306759619127_D.wav,normal,
b,set_b/Btraining_normal_134_1306428161797_C.wav,normal,
b,set_b/Btraining_normal_134_1306428161797_C2.wav,normal,
b,set_b/Btraining_normal_134_1306428161797_D.wav,normal,
b,set_b/Btraining_normal_137_1306764999211_C.wav,normal,
b,set_b/Btraining_normal_137_1306764999211_D.wav,normal,
b,set_b/Btraining_normal_139_1306519274653_A.wav,normal,
b,set_b/Btraining_normal_140_1306519735121_A.wav,normal,
b,set_b/Btraining_normal_140_1306519735121_B.wav,normal,
b,set_b/Btraining_normal_140_1306519735121_D1.wav,normal,
b,set_b/Btraining_normal_141_1306520154450_B.wav,normal,
b,set_b/Btraining_normal_141_1306520154450_C.wav,normal,
b,set_b/Btraining_normal_143_1306763822290_B.wav,normal,
b,set_b/Btraining_normal_143_1306763822290_C.wav,normal,
b,set_b/Btraining_normal_145_1307987561278_B.wav,normal,
b,set_b/Btraining_normal_145_1307987561278_C.wav,normal,
b,set_b/Btraining_normal_146_1306778707532_A.wav,normal,
b,set_b/Btraining_normal_146_1306778707532_B.wav,normal,
b,set_b/Btraining_normal_146_1306778707532_D1.wav,normal,
b,set_b/Btraining_normal_146_1306778707532_D2.wav,normal,
b,set_b/Btraining_normal_146_1306778707532_D3.wav,normal,
b,set_b/Btraining_normal_146_1306778707532_D4.wav,normal,
b,set_b/Btraining_normal_147_1306523973811_A.wav,normal,
b,set_b/Btraining_normal_147_1306523973811_C.wav,normal,
b,set_b/Btraining_normal_148_1306768801551_C1.wav,normal,
b,set_b/Btraining_normal_148_1306768801551_D2.wav,normal,
b,set_b/Btraining_normal_149_1306776016110_B.wav,normal,
b,set_b/Btraining_normal_149_1306776016110_C1.wav,normal,
b,set_b/Btraining_normal_150_1306776340746_B.wav,normal,
b,set_b/Btraining_normal_150_1306776340746_C.wav,normal,
b,set_b/Btraining_normal_151_1306779785624_A.wav,normal,
b,set_b/Btraining_normal_151_1306779785624_D.wav,normal,
b,set_b/Btraining_normal_152_1306779561195_B1.wav,normal,
b,set_b/Btraining_normal_152_1306779561195_C1.wav,normal,
b,set_b/Btraining_normal_152_1306779561195_D.wav,normal,
b,set_b/Btraining_normal_153_1306848820671_A.wav,normal,
b,set_b/Btraining_normal_153_1306848820671_B.wav,normal,
b,set_b/Btraining_normal_153_1306848820671_B1.wav,normal,
b,set_b/Btraining_normal_153_1306848820671_D1.wav,normal,
b,set_b/Btraining_normal_154_1306935608852_A1.wav,normal,
b,set_b/Btraining_normal_154_1306935608852_B.wav,normal,
b,set_b/Btraining_normal_154_1306935608852_B1.wav,normal,
b,set_b/Btraining_normal_154_1306935608852_D.wav,normal,
b,set_b/Btraining_normal_155_1306935902813_B1.wav,normal,
b,set_b/Btraining_normal_158_1306947254705_B2.wav,normal,
b,set_b/Btraining_normal_159_1307018640315_A.wav,normal,
b,set_b/Btraining_normal_159_1307018640315_B1.wav,normal,
b,set_b/Btraining_normal_159_1307018640315_B2.wav,normal,
b,set_b/Btraining_normal_159_1307018640315_C1.wav,normal,
b,set_b/Btraining_normal_167_1307111318050_A.wav,normal,
b,set_b/Btraining_normal_167_1307111318050_C.wav,normal,
b,set_b/Btraining_normal_168_1307970069434_A.wav,normal,
b,set_b/Btraining_normal_168_1307970069434_A2.wav,normal,
b,set_b/Btraining_normal_169_1307970398039_C.wav,normal,
b,set_b/Btraining_normal_170_1307970562729_A.wav,normal,
b,set_b/Btraining_normal_170_1307970562729_B.wav,normal,
b,set_b/Btraining_normal_170_1307970562729_C.wav,normal,
b,set_b/Btraining_normal_172_1307971284351_B.wav,normal,
b,set_b/Btraining_normal_172_1307971284351_B1.wav,normal,
b,set_b/Btraining_normal_173_1307973611151_B.wav,normal,
b,set_b/Btraining_normal_173_1307973611151_C.wav,normal,
b,set_b/Btraining_normal_174_1307987737137_B.wav,normal,
b,set_b/Btraining_normal_174_1307987737137_B1.wav,normal,
b,set_b/Btraining_normal_175_1307987962616_B.wav,normal,
b,set_b/Btraining_normal_175_1307987962616_B1.wav,normal,
b,set_b/Btraining_normal_175_1307987962616_D.wav,normal,
b,set_b/Btraining_normal_176_1307988171173_A.wav,normal,
b,set_b/Btraining_normal_176_1307988171173_B.wav,normal,
b,set_b/Btraining_normal_176_1307988171173_B1.wav,normal,
b,set_b/Btraining_normal_177_1307989650056_A1.wav,normal,
b,set_b/Btraining_normal_177_1307989650056_B.wav,normal,
b,set_b/Btraining_normal_177_1307989650056_D.wav,normal,
b,set_b/Btraining_normal_177_1307989650056_D1.wav,normal,
b,set_b/Btraining_normal_178_1307989887769_B.wav,normal,
b,set_b/Btraining_normal_178_1307989887769_D.wav,normal,
b,set_b/Btraining_normal_179_1307990076841_B.wav,normal,
b,set_b/Btraining_normal_179_1307990076841_D.wav,normal,
b,set_b/Btraining_normal_180_1307990956284_A.wav,normal,
b,set_b/Btraining_normal_180_1307990956284_C.wav,normal,
b,set_b/Btraining_normal_181_1308052613891_B.wav,normal,
b,set_b/Btraining_normal_181_1308052613891_D.wav,normal,
b,set_b/Btraining_normal_183_1308072703477_B.wav,normal,
b,set_b/Btraining_normal_183_1308072703477_C.wav,normal,
b,set_b/Btraining_normal_184_1308073010307_B.wav,normal,
b,set_b/Btraining_normal_184_1308073010307_D.wav,normal,
b,set_b/Btraining_normal_186_1308073648738_C1.wav,normal,
b,set_b/Btraining_normal_186_1308073648738_D.wav,normal,
b,set_b/Btraining_normal_188_1308074301731_C.wav,normal,
b,set_b/Btraining_normal_188_1308074301731_D.wav,normal,
b,set_b/Btraining_normal_190_1308076920011_C1.wav,normal,
b,set_b/Btraining_normal_190_1308076920011_D.wav,normal,
b,set_b/Btraining_normal_191_1308077299430_B.wav,normal,
b,set_b/Btraining_normal_194_1308139824187_A.wav,normal,
b,set_b/Btraining_normal_194_1308139824187_A1.wav,normal,
b,set_b/Btraining_normal_198_1308141739338_C.wav,normal,
b,set_b/Btraining_normal_201_1308144942432_A.wav,normal,
b,set_b/Btraining_normal_201_1308144942432_A1.wav,normal,
b,set_b/Btraining_normal_202_1308145175747_C.wav,normal,
b,set_b/Btraining_normal_202_1308145175747_D.wav,normal,
b,set_b/Btraining_normal_204_1308159229275_C.wav,normal,
b,set_b/Btraining_normal_204_1308159229275_D.wav,normal,
b,set_b/Btraining_normal_206_1308159601959_C.wav,normal,
b,set_b/Btraining_normal_207_1308159792607_C.wav,normal,
b,set_b/Btraining_normal_208_1308159994503_C.wav,normal,
b,set_b/Btraining_normal_209_1308162216750_A.wav,normal,
b,set_b/Btraining_normal_209_1308162216750_A1.wav,normal,
b,set_b/Btraining_normal_210_1308162935880_B.wav,normal,
b,set_b/Btraining_normal_210_1308162935880_B1.wav,normal,
b,set_b/Btraining_normal_210_1308162935880_D1.wav,normal,
b,set_b/Btraining_normal_210_1308162935880_D2.wav,normal,
b,set_b/Btraining_normal_213_1308245263936_C.wav,normal,
b,set_b/Btraining_normal_214_1308245489717_A.wav,normal,
b,set_b/Btraining_normal_215_1308245664733_C.wav,normal,
b,set_b/Btraining_normal_215_1308245664733_C1.wav,normal,
b,set_b/Btraining_normal_216_1308245839516_C.wav,normal,
b,set_b/Btraining_normal_217_1308246111629_C.wav,normal,
b,set_b/Btraining_normal_217_1308246111629_C1.wav,normal,
b,set_b/Btraining_normal_218_1308246311449_C.wav,normal,
b,set_b/Btraining_normal_218_1308246311449_C1.wav,normal,
b,set_b/Btraining_normal_220_1308250132896_C.wav,normal,
b,set_b/Btraining_normal_220_1308250132896_D.wav,normal,
b,set_b/Btraining_normal_224_1308337157445_C.wav,normal,
b,set_b/Btraining_normal_227_1308594233667_B.wav,normal,
b,set_b/Btraining_normal_227_1308594233667_C.wav,normal,
b,set_b/Btraining_normal_230_1308595300880_B.wav,normal,
b,set_b/Btraining_normal_230_1308595300880_C.wav,normal,
b,set_b/Btraining_normal_232_1308748524018_A.wav,normal,
b,set_b/Btraining_normal_232_1308748524018_B.wav,normal,
b,set_b/Btraining_normal_232_1308748524018_B1.wav,normal,
b,set_b/Btraining_normal_232_1308748524018_C.wav,normal,
b,set_b/Btraining_normal_232_1308748524018_D1.wav,normal,
b,set_b/Btraining_normal_235_1308749032454_C.wav,normal,
b,set_b/Btraining_normal_235_1308749032454_D.wav,normal,
b,set_b/Btraining_normal_237_1308750231222_C.wav,normal,
b,set_b/Btraining_normal_238_1309194586293_A.wav,normal,
b,set_b/Btraining_normal_238_1309194586293_B.wav,normal,
b,set_b/Btraining_normal_250_1309202496494_A.wav,normal,
b,set_b/Btraining_normal_250_1309202496494_B.wav,normal,
b,set_b/Btraining_normal_252_1309203336604_B.wav,normal,
b,set_b/Btraining_normal_256_1309351470137_A.wav,normal,
b,set_b/Btraining_normal_258_1309352253234_C.wav,normal,
b,set_b/Btraining_normal_260_1309353164458_C.wav,normal,
b,set_b/Btraining_normal_261_1309353556003_B.wav,normal,
b,set_b/Btraining_normal_262_1309355283807_A.wav,normal,
b,set_b/Btraining_normal_267_1309368735165_A.wav,normal,
b,set_b/Btraining_normal_270_1309369533040_C.wav,normal,
b,set_b/Btraining_normal_273_1309370841191_B.wav,normal,
b,set_b/Btraining_normal_274_1311075637574_A1.wav,normal,
b,set_b/Btraining_normal_274_1311075637574_B.wav,normal,
b,set_b/Btraining_normal_274_1311075637574_B1.wav,normal,
b,set_b/Btraining_normal_274_1311075637574_D.wav,normal,
b,set_b/Btraining_normal_278_1311163365896_A.wav,normal,
b,set_b/Btraining_normal_278_1311163365896_A1.wav,normal,
b,set_b/Btraining_normal_280_1311165195344_A.wav,normal,
b,set_b/Btraining_normal_282_1311166081161_C.wav,normal,
b,set_b/Btraining_normal_283_1311167409239_A.wav,normal,
b,set_b/Btraining_normal_286_1311170606028_A.wav,normal,
b,set_b/Btraining_normal_286_1311170606028_A1.wav,normal,
b,set_b/Btraining_normal_286_1311170606028_B1.wav,normal,
b,set_b/Btraining_normal_286_1311170606028_C.wav,normal,
b,set_b/Btraining_normal_290_1311182875320_A.wav,normal,
b,set_b/Btraining_normal_291_1311185210672_A.wav,normal,
b,set_b/Btraining_normal_294_1311681084248_A.wav,normal,
b,set_b/Btraining_normal_294_1311681084248_B.wav,normal,
b,set_b/Btraining_normal_294_1311681084248_D1.wav,normal,
b,set_b/Btraining_normal_295_1311682673157_D.wav,normal,
b,set_b/Btraining_normal_296_1311682952647_A1.wav,normal,
b,set_b/Btraining_normal_296_1311682952647_A2.wav,normal,
b,set_b/Btraining_normal_298_1311685888900_B.wav,normal,
b,set_b/Btraining_normal_299_1311770522820_C.wav,normal,
b,set_b/Btraining_normal_300_1311772096120_C1.wav,normal,
b,set_b/Bunlabelledtest_101_1305030823364_A.wav,,
b,set_b/Bunlabelledtest_101_1305030823364_D.wav,,
b,set_b/Bunlabelledtest_101_1305030823364_F.wav,,
b,set_b/Bunlabelledtest_103_1305031931979_A.wav,,
b,set_b/Bunlabelledtest_103_1305031931979_C.wav,,
b,set_b/Bunlabelledtest_105_1305033453095_B.wav,,
b,set_b/Bunlabelledtest_105_1305033453095_D.wav,,
b,set_b/Bunlabelledtest_106_1306776721273_B.wav,,
b,set_b/Bunlabelledtest_106_1306776721273_D.wav,,
b,set_b/Bunlabelledtest_107_1305654946865_B.wav,,
b,set_b/Bunlabelledtest_107_1305654946865_D.wav,,
b,set_b/Bunlabelledtest_108_1305654420093_C.wav,,
b,set_b/Bunlabelledtest_109_1305653646620_B.wav,,
b,set_b/Bunlabelledtest_109_1305653646620_D.wav,,
b,set_b/Bunlabelledtest_109_1305653972028_B.wav,,
b,set_b/Bunlabelledtest_109_1305653972028_D.wav,,
b,set_b/Bunlabelledtest_110_1305655332337_D.wav,,
b,set_b/Bunlabelledtest_112_1306243000964_C.wav,,
b,set_b/Bunlabelledtest_113_1306244002866_C.wav,,
b,set_b/Bunlabelledtest_115_1306259437619_D.wav,,
b,set_b/Bunlabelledtest_116_1306258689913_B.wav,,
b,set_b/Bunlabelledtest_117_1306262456650_B1.wav,,
b,set_b/Bunlabelledtest_118_1306262335509_A.wav,,
b,set_b/Bunlabelledtest_118_1306262335509_A1.wav,,
b,set_b/Bunlabelledtest_118_1306262335509_C2.wav,,
b,set_b/Bunlabelledtest_121_1306263877235_B.wav,,
b,set_b/Bunlabelledtest_122_1306325762831_A.wav,,
b,set_b/Bunlabelledtest_122_1306325762831_B.wav,,
b,set_b/Bunlabelledtest_123_1306331925797_A.wav,,
b,set_b/Bunlabelledtest_123_1306331925797_D.wav,,
b,set_b/Bunlabelledtest_125_1306332456645_B2.wav,,
b,set_b/Bunlabelledtest_126_1306777102824_C1.wav,,
b,set_b/Bunlabelledtest_126_1306777102824_D1.wav,,
b,set_b/Bunlabelledtest_127_1306764300147_D.wav,,
b,set_b/Bunlabelledtest_128_1306344005749_C.wav,,
b,set_b/Bunlabelledtest_129_1306344506305_B.wav,,
b,set_b/Bunlabelledtest_130_1306347376079_A.wav,,
b,set_b/Bunlabelledtest_132_1306758754432_A.wav,,
b,set_b/Bunlabelledtest_132_1306758754432_B.wav,,
b,set_b/Bunlabelledtest_132_1306758754432_D.wav,,
b,set_b/Bunlabelledtest_134_1306428161797_A.wav,,
b,set_b/Bunlabelledtest_134_1306428161797_B.wav,,
b,set_b/Bunlabelledtest_135_1306428972976_D.wav,,
b,set_b/Bunlabelledtest_136_1306429977501_A.wav,,
b,set_b/Bunlabelledtest_136_1306429977501_D.wav,,
b,set_b/Bunlabelledtest_137_1306764999211_A.wav,,
b,set_b/Bunlabelledtest_137_1306764999211_B1.wav,,
b,set_b/Bunlabelledtest_137_1306764999211_D2.wav,,
b,set_b/Bunlabelledtest_138_1306762146980_C.wav,,
b,set_b/Bunlabelledtest_139_1306519274653_B.wav,,
b,set_b/Bunlabelledtest_139_1306519274653_C.wav,,
b,set_b/Bunlabelledtest_141_1306520154450_A.wav,,
b,set_b/Bunlabelledtest_141_1306520154450_D.wav,,
b,set_b/Bunlabelledtest_142_1306763049574_C.wav,,
b,set_b/Bunlabelledtest_143_1306763822290_D.wav,,
b,set_b/Bunlabelledtest_144_1306522408528_A.wav,,
b,set_b/Bunlabelledtest_145_1307987561278_A.wav,,
b,set_b/Bunlabelledtest_145_1307987561278_D.wav,,
b,set_b/Bunlabelledtest_146_1306778707532_C.wav,,
b,set_b/Bunlabelledtest_146_1306778707532_D31.wav,,
b,set_b/Bunlabelledtest_147_1306523973811_D.wav,,
b,set_b/Bunlabelledtest_148_1306768801551_A.wav,,
b,set_b/Bunlabelledtest_148_1306768801551_C.wav,,
b,set_b/Bunlabelledtest_148_1306768801551_D.wav,,
b,set_b/Bunlabelledtest_149_1306776016110_C.wav,,
b,set_b/Bunlabelledtest_150_1306776340746_D.wav,,
b,set_b/Bunlabelledtest_151_1306779785624_A1.wav,,
b,set_b/Bunlabelledtest_152_1306779561195_B.wav,,
b,set_b/Bunlabelledtest_152_1306779561195_C.wav,,
b,set_b/Bunlabelledtest_152_1306779561195_D1.wav,,
b,set_b/Bunlabelledtest_153_1306848820671_D.wav,,
b,set_b/Bunlabelledtest_154_1306935608852_A.wav,,
b,set_b/Bunlabelledtest_154_1306935608852_A2.wav,,
b,set_b/Bunlabelledtest_154_1306935608852_D.wav,,
b,set_b/Bunlabelledtest_154_1306935608852_D1.wav,,
b,set_b/Bunlabelledtest_155_1306935902813_B.wav,,
b,set_b/Bunlabelledtest_155_1306935902813_B2.wav,,
b,set_b/Bunlabelledtest_155_1306935902813_D.wav,,
b,set_b/Bunlabelledtest_156_1306936373241_C.wav,,
b,set_b/Bunlabelledtest_156_1306936373241_D.wav,,
b,set_b/Bunlabelledtest_157_1306937583792_C.wav,,
b,set_b/Bunlabelledtest_159_1307018640315_A.wav,,
b,set_b/Bunlabelledtest_159_1307018640315_B.wav,,
b,set_b/Bunlabelledtest_159_1307018640315_C.wav,,
b,set_b/Bunlabelledtest_160_1307100683334_C.wav,,
b,set_b/Bunlabelledtest_161_1307101199321_D.wav,,
b,set_b/Bunlabelledtest_162_1307101835989_C.wav,,
b,set_b/Bunlabelledtest_163_1307104470471_B.wav,,
b,set_b/Bunlabelledtest_163_1307104470471_B1.wav,,
b,set_b/Bunlabelledtest_163_1307104470471_D.wav,,
b,set_b/Bunlabelledtest_164_1307106095995_D.wav,,
b,set_b/Bunlabelledtest_165_1307109069581_B.wav,,
b,set_b/Bunlabelledtest_167_1307111318050_C1.wav,,
b,set_b/Bunlabelledtest_167_1307111318050_D.wav,,
b,set_b/Bunlabelledtest_169_1307970398039_B.wav,,
b,set_b/Bunlabelledtest_169_1307970398039_C1.wav,,
b,set_b/Bunlabelledtest_170_1307970562729_D.wav,,
b,set_b/Bunlabelledtest_171_1307971016233_C.wav,,
b,set_b/Bunlabelledtest_171_1307971016233_F.wav,,
b,set_b/Bunlabelledtest_172_1307971284351_C.wav,,
b,set_b/Bunlabelledtest_172_1307971284351_D.wav,,
b,set_b/Bunlabelledtest_173_1307973611151_D.wav,,
b,set_b/Bunlabelledtest_174_1307987737137_C.wav,,
b,set_b/Bunlabelledtest_175_1307987962616_C.wav,,
b,set_b/Bunlabelledtest_176_1307988171173_A1.wav,,
b,set_b/Bunlabelledtest_176_1307988171173_C.wav,,
b,set_b/Bunlabelledtest_176_1307988171173_C1.wav,,
b,set_b/Bunlabelledtest_177_1307989650056_C.wav,,
b,set_b/Bunlabelledtest_178_1307989887769_A.wav,,
b,set_b/Bunlabelledtest_179_1307990076841_D1.wav,,
b,set_b/Bunlabelledtest_180_1307990956284_B.wav,,
b,set_b/Bunlabelledtest_180_1307990956284_D.wav,,
b,set_b/Bunlabelledtest_181_1308052613891_C.wav,,
b,set_b/Bunlabelledtest_184_1308073010307_C.wav,,
b,set_b/Bunlabelledtest_186_1308073648738_C.wav,,
b,set_b/Bunlabelledtest_186_1308073648738_D1.wav,,
b,set_b/Bunlabelledtest_187_1308073994223_C.wav,,
b,set_b/Bunlabelledtest_189_1308075231945_A.wav,,
b,set_b/Bunlabelledtest_189_1308075231945_C.wav,,
b,set_b/Bunlabelledtest_191_1308077299430_C.wav,,
b,set_b/Bunlabelledtest_191_1308077299430_D.wav,,
b,set_b/Bunlabelledtest_193_1308078104592_A.wav,,
b,set_b/Bunlabelledtest_193_1308078104592_D.wav,,
b,set_b/Bunlabelledtest_194_1308139824187_C.wav,,
b,set_b/Bunlabelledtest_195_1308140095331_D.wav,,
b,set_b/Bunlabelledtest_196_1308141034858_D.wav,,
b,set_b/Bunlabelledtest_197_1308141235553_B.wav,,
b,set_b/Bunlabelledtest_200_1308144251434_C1.wav,,
b,set_b/Bunlabelledtest_201_1308144942432_B.wav,,
b,set_b/Bunlabelledtest_202_1308145175747_B.wav,,
b,set_b/Bunlabelledtest_203_1308162026258_C.wav,,
b,set_b/Bunlabelledtest_204_1308159229275_B1.wav,,
b,set_b/Bunlabelledtest_206_1308159601959_C1.wav,,
b,set_b/Bunlabelledtest_207_1308159792607_B3.wav,,
b,set_b/Bunlabelledtest_209_1308162216750_B.wav,,
b,set_b/Bunlabelledtest_209_1308162216750_C.wav,,
b,set_b/Bunlabelledtest_210_1308162935880_D.wav,,
b,set_b/Bunlabelledtest_212_1308245076477_C.wav,,
b,set_b/Bunlabelledtest_213_1308245263936_B.wav,,
b,set_b/Bunlabelledtest_214_1308245489717_A1.wav,,
b,set_b/Bunlabelledtest_215_1308245664733_D.wav,,
b,set_b/Bunlabelledtest_216_1308245839516_B1.wav,,
b,set_b/Bunlabelledtest_217_1308246111629_A.wav,,
b,set_b/Bunlabelledtest_217_1308246111629_B.wav,,
b,set_b/Bunlabelledtest_217_1308246111629_D.wav,,
b,set_b/Bunlabelledtest_220_1308250132896_A.wav,,
b,set_b/Bunlabelledtest_222_1308336218979_B.wav,,
b,set_b/Bunlabelledtest_227_1308594233667_D.wav,,
b,set_b/Bunlabelledtest_229_1308594979317_C.wav,,
b,set_b/Bunlabelledtest_231_1308748318393_B.wav,,
b,set_b/Bunlabelledtest_231_1308748318393_C.wav,,
b,set_b/Bunlabelledtest_232_1308748524018_A1.wav,,
b,set_b/Bunlabelledtest_232_1308748524018_D.wav,,
b,set_b/Bunlabelledtest_235_1308749032454_C1.wav,,
b,set_b/Bunlabelledtest_235_1308749032454_D1.wav,,
b,set_b/Bunlabelledtest_237_1308750231222_C1.wav,,
b,set_b/Bunlabelledtest_239_1309195730333_D.wav,,
b,set_b/Bunlabelledtest_240_1309196119795_D.wav,,
b,set_b/Bunlabelledtest_242_1309197394064_A.wav,,
b,set_b/Bunlabelledtest_242_1309197394064_C.wav,,
b,set_b/Bunlabelledtest_243_1309197760898_D.wav,,
b,set_b/Bunlabelledtest_245_1309198844065_A.wav,,
b,set_b/Bunlabelledtest_245_1309200438094_C.wav,,
b,set_b/Bunlabelledtest_248_1309201683806_B.wav,,
b,set_b/Bunlabelledtest_248_1309201683806_D.wav,,
b,set_b/Bunlabelledtest_254_1309350589009_B.wav,,
b,set_b/Bunlabelledtest_255_1309351210897_B.wav,,
b,set_b/Bunlabelledtest_259_1309352630271_B.wav,,
b,set_b/Bunlabelledtest_260_1309353164458_A.wav,,
b,set_b/Bunlabelledtest_262_1309355283807_B.wav,,
b,set_b/Bunlabelledtest_264_1309356143724_A.wav,,
b,set_b/Bunlabelledtest_268_1309368960960_A.wav,,
b,set_b/Bunlabelledtest_268_1309368960960_E.wav,,
b,set_b/Bunlabelledtest_270_1309369533040_D.wav,,
b,set_b/Bunlabelledtest_271_1309369876160_B.wav,,
b,set_b/Bunlabelledtest_272_1309370164386_B.wav,,
b,set_b/Bunlabelledtest_274_1311075637574_C.wav,,
b,set_b/Bunlabelledtest_278_1311163365896_C.wav,,
b,set_b/Bunlabelledtest_278_1311163365896_D.wav,,
b,set_b/Bunlabelledtest_280_1311165195344_B.wav,,
b,set_b/Bunlabelledtest_281_1311165683454_C.wav,,
b,set_b/Bunlabelledtest_282_1311166081161_D.wav,,
b,set_b/Bunlabelledtest_284_1311168471850_C.wav,,
b,set_b/Bunlabelledtest_286_1311170606028_B.wav,,
b,set_b/Bunlabelledtest_287_1311170903290_D.wav,,
b,set_b/Bunlabelledtest_288_1311164615284_B.wav,,
b,set_b/Bunlabelledtest_290_1311182875320_B.wav,,
b,set_b/Bunlabelledtest_293_1311680805936_B.wav,,
b,set_b/Bunlabelledtest_293_1311680805936_B2.wav,,
b,set_b/Bunlabelledtest_294_1311681084248_D.wav,,
b,set_b/Bunlabelledtest_296_1311682952647_A.wav,,
b,set_b/Bunlabelledtest_296_1311682952647_B.wav,,
b,set_b/Bunlabelledtest_300_1311772096120_B.wav,,
b,set_b/Bunlabelledtest_300_1311772096120_C.wav,,
b,set_b/Bunlabelledtest_300_1311772096120_D.wav,,
b,set_b/Btraining_murmur_Btraining_noisymurmur_135_1306428972976_A.wav,murmur,noisymurmur
b,set_b/Btraining_murmur_Btraining_noisymurmur_135_1306428972976_B.wav,murmur,noisymurmur
b,set_b/Btraining_murmur_Btraining_noisymurmur_135_1306428972976_C.wav,murmur,noisymurmur
b,set_b/Btraining_murmur_Btraining_noisymurmur_156_1306936373241_A.wav,murmur,noisymurmur
b,set_b/Btraining_murmur_Btraining_noisymurmur_156_1306936373241_B1.wav,murmur,noisymurmur
b,set_b/Btraining_murmur_Btraining_noisymurmur_160_1307100683334_D.wav,murmur,noisymurmur
b,set_b/Btraining_murmur_Btraining_noisymurmur_161_1307101199321_B.wav,murmur,noisymurmur
b,set_b/Btraining_murmur_Btraining_noisymurmur_161_1307101199321_C.wav,murmur,noisymurmur
b,set_b/Btraining_murmur_Btraining_noisymurmur_162_1307101835989_B_1.wav,murmur,noisymurmur
b,set_b/Btraining_murmur_Btraining_noisymurmur_162_1307101835989_D.wav,murmur,noisymurmur
b,set_b/Btraining_murmur_Btraining_noisymurmur_164_1307106095995_C1.wav,murmur,noisymurmur
b,set_b/Btraining_murmur_Btraining_noisymurmur_165_1307109069581_A.wav,murmur,noisymurmur
b,set_b/Btraining_murmur_Btraining_noisymurmur_165_1307109069581_C1.wav,murmur,noisymurmur
b,set_b/Btraining_murmur_Btraining_noisymurmur_165_1307109069581_D.wav,murmur,noisymurmur
b,set_b/Btraining_murmur_Btraining_noisymurmur_171_1307971016233_D.wav,murmur,noisymurmur
b,set_b/Btraining_murmur_Btraining_noisymurmur_171_1307971016233_F.wav,murmur,noisymurmur
b,set_b/Btraining_murmur_Btraining_noisymurmur_185_1308073325396_D.wav,murmur,noisymurmur
b,set_b/Btraining_murmur_Btraining_noisymurmur_200_1308144251434_D.wav,murmur,noisymurmur
b,set_b/Btraining_murmur_Btraining_noisymurmur_231_1308748318393_A.wav,murmur,noisymurmur
b,set_b/Btraining_murmur_Btraining_noisymurmur_240_1309201366049_C.wav,murmur,noisymurmur
b,set_b/Btraining_murmur_Btraining_noisymurmur_240_1309201366049_D.wav,murmur,noisymurmur
b,set_b/Btraining_murmur_Btraining_noisymurmur_243_1309197760898_B.wav,murmur,noisymurmur
b,set_b/Btraining_murmur_Btraining_noisymurmur_243_1309197760898_C.wav,murmur,noisymurmur
b,set_b/Btraining_murmur_Btraining_noisymurmur_272_1309370164386_C.wav,murmur,noisymurmur
b,set_b/Btraining_murmur_Btraining_noisymurmur_288_1311164615284_B1.wav,murmur,noisymurmur
b,set_b/Btraining_murmur_Btraining_noisymurmur_288_1311164615284_C.wav,murmur,noisymurmur
b,set_b/Btraining_murmur_Btraining_noisymurmur_292_1311185449649_D.wav,murmur,noisymurmur
b,set_b/Btraining_murmur_Btraining_noisymurmur_293_1311680805936_C.wav,murmur,noisymurmur
b,set_b/Btraining_murmur_Btraining_noisymurmur_293_1311680805936_D.wav,murmur,noisymurmur
b,set_b/Btraining_normal_Btraining_noisynormal_101_1305030823364_B.wav,normal,noisynormal
b,set_b/Btraining_normal_Btraining_noisynormal_101_1305030823364_E.wav,normal,noisynormal
b,set_b/Btraining_normal_Btraining_noisynormal_104_1305032492469_A.wav,normal,noisynormal
b,set_b/Btraining_normal_Btraining_noisynormal_105_1305033453095_A.wav,normal,noisynormal
b,set_b/Btraining_normal_Btraining_noisynormal_105_1305033453095_C.wav,normal,noisynormal
b,set_b/Btraining_normal_Btraining_noisynormal_106_1306776721273_A.wav,normal,noisynormal
b,set_b/Btraining_normal_Btraining_noisynormal_107_1305654946865_A.wav,normal,noisynormal
b,set_b/Btraining_normal_Btraining_noisynormal_108_1305654420093_A.wav,normal,noisynormal
b,set_b/Btraining_normal_Btraining_noisynormal_108_1305654420093_B.wav,normal,noisynormal
b,set_b/Btraining_normal_Btraining_noisynormal_109_1305653646620_A.wav,normal,noisynormal
b,set_b/Btraining_normal_Btraining_noisynormal_109_1305653972028_A.wav,normal,noisynormal
b,set_b/Btraining_normal_Btraining_noisynormal_109_1305653972028_C.wav,normal,noisynormal
b,set_b/Btraining_normal_Btraining_noisynormal_109_1305653972028_E.wav,normal,noisynormal
b,set_b/Btraining_normal_Btraining_noisynormal_109_1305653972028_F.wav,normal,noisynormal
b,set_b/Btraining_normal_Btraining_noisynormal_110_1305655332337_A.wav,normal,noisynormal
b,set_b/Btraining_normal_Btraining_noisynormal_110_1305655332337_B.wav,normal,noisynormal
b,set_b/Btraining_normal_Btraining_noisynormal_113_1306244002866_A.wav,normal,noisynormal
b,set_b/Btraining_normal_Btraining_noisynormal_113_1306244002866_B.wav,normal,noisynormal
b,set_b/Btraining_normal_Btraining_noisynormal_115_1306259437619_A1.wav,normal,noisynormal
b,set_b/Btraining_normal_Btraining_noisynormal_115_1306259437619_B.wav,normal,noisynormal
b,set_b/Btraining_normal_Btraining_noisynormal_117_1306262456650_A.wav,normal,noisynormal
b,set_b/Btraining_normal_Btraining_noisynormal_117_1306262456650_C.wav,normal,noisynormal
b,set_b/Btraining_normal_Btraining_noisynormal_117_1306262456650_D.wav,normal,noisynormal
b,set_b/Btraining_normal_Btraining_noisynormal_118_1306262335509_B.wav,normal,noisynormal
b,set_b/Btraining_normal_Btraining_noisynormal_118_1306262335509_C1.wav,normal,noisynormal
b,set_b/Btraining_normal_Btraining_noisynormal_118_1306262335509_D.wav,normal,noisynormal
b,set_b/Btraining_normal_Btraining_noisynormal_121_1306263877235_A.wav,normal,noisynormal
b,set_b/Btraining_normal_Btraining_noisynormal_121_1306263877235_C.wav,normal,noisynormal
b,set_b/Btraining_normal_Btraining_noisynormal_121_1306263877235_D.wav,normal,noisynormal
b,set_b/Btraining_normal_Btraining_noisynormal_123_1306331925797_B.wav,normal,noisynormal
b,set_b/Btraining_normal_Btraining_noisynormal_123_1306331925797_C.wav,normal,noisynormal
b,set_b/Btraining_normal_Btraining_noisynormal_125_1306332456645_A1.wav,normal,noisynormal
b,set_b/Btraining_normal_Btraining_noisynormal_125_1306332456645_A2.wav,normal,noisynormal
b,set_b/Btraining_normal_Btraining_noisynormal_125_1306332456645_B1.wav,normal,noisynormal
b,set_b/Btraining_normal_Btraining_noisynormal_125_1306332456645_C.wav,normal,noisynormal
b,set_b/Btraining_normal_Btraining_noisynormal_125_1306332456645_D.wav,normal,noisynormal
b,set_b/Btraining_normal_Btraining_noisynormal_127_1306764300147_D1.wav,normal,noisynormal
b,set_b/Btraining_normal_Btraining_noisynormal_129_1306344506305_A.wav,normal,noisynormal
b,set_b/Btraining_normal_Btraining_noisynormal_129_1306344506305_C.wav,normal,noisynormal
b,set_b/Btraining_normal_Btraining_noisynormal_130_1306347376079_B.wav,normal,noisynormal
b,set_b/Btraining_normal_Btraining_noisynormal_130_1306347376079_C.wav,normal,noisynormal
b,set_b/Btraining_normal_Btraining_noisynormal_132_1306758754432_B1.wav,normal,noisynormal
b,set_b/Btraining_normal_Btraining_noisynormal_132_1306758754432_C.wav,normal,noisynormal
b,set_b/Btraining_normal_Btraining_noisynormal_133_1306759619127_A1.wav,normal,noisynormal
b,set_b/Btraining_normal_Btraining_noisynormal_133_1306759619127_B1.wav,normal,noisynormal
b,set_b/Btraining_normal_Btraining_noisynormal_133_1306759619127_C.wav,normal,noisynormal
b,set_b/Btraining_normal_Btraining_noisynormal_133_1306759619127_D1.wav,normal,noisynormal
b,set_b/Btraining_normal_Btraining_noisynormal_134_1306428161797_B1.wav,normal,noisynormal
b,set_b/Btraining_normal_Btraining_noisynormal_134_1306428161797_D1.wav,normal,noisynormal
b,set_b/Btraining_normal_Btraining_noisynormal_136_1306429977501_B.wav,normal,noisynormal
b,set_b/Btraining_normal_Btraining_noisynormal_136_1306429977501_C.wav,normal,noisynormal
b,set_b/Btraining_normal_Btraining_noisynormal_136_1306429977501_D1.wav,normal,noisynormal
b,set_b/Btraining_normal_Btraining_noisynormal_137_1306764999211_A1.wav,normal,noisynormal
b,set_b/Btraining_normal_Btraining_noisynormal_137_1306764999211_A2.wav,normal,noisynormal
b,set_b/Btraining_normal_Btraining_noisynormal_137_1306764999211_B.wav,normal,noisynormal
b,set_b/Btraining_normal_Btraining_noisynormal_137_1306764999211_C1.wav,normal,noisynormal
b,set_b/Btraining_normal_Btraining_noisynormal_137_1306764999211_D1.wav,normal,noisynormal
b,set_b/Btraining_normal_Btraining_noisynormal_138_1306762146980_A.wav,normal,noisynormal
b,set_b/Btraining_normal_Btraining_noisynormal_138_1306762146980_D.wav,normal,noisynormal
b,set_b/Btraining_normal_Btraining_noisynormal_139_1306519274653_D.wav,normal,noisynormal
b,set_b/Btraining_normal_Btraining_noisynormal_140_1306519735121_C.wav,normal,noisynormal
b,set_b/Btraining_normal_Btraining_noisynormal_141_1306520154450_A1.wav,normal,noisynormal
b,set_b/Btraining_normal_Btraining_noisynormal_141_1306520154450_B1.wav,normal,noisynormal
b,set_b/Btraining_normal_Btraining_noisynormal_141_1306520154450_C1.wav,normal,noisynormal
b,set_b/Btraining_normal_Btraining_noisynormal_142_1306763049574_A.wav,normal,noisynormal
b,set_b/Btraining_normal_Btraining_noisynormal_142_1306763049574_B.wav,normal,noisynormal
b,set_b/Btraining_normal_Btraining_noisynormal_142_1306763049574_D.wav,normal,noisynormal
b,set_b/Btraining_normal_Btraining_noisynormal_143_1306763822290_A.wav,normal,noisynormal
b,set_b/Btraining_normal_Btraining_noisynormal_144_1306522408528_A1.wav,normal,noisynormal
b,set_b/Btraining_normal_Btraining_noisynormal_144_1306522408528_C.wav,normal,noisynormal
b,set_b/Btraining_normal_Btraining_noisynormal_146_1306778707532_D.wav,normal,noisynormal
b,set_b/Btraining_normal_Btraining_noisynormal_147_1306523973811_B.wav,normal,noisynormal
b,set_b/Btraining_normal_Btraining_noisynormal_149_1306776016110_A.wav,normal,noisynormal
b,set_b/Btraining_normal_Btraining_noisynormal_150_1306776340746_A.wav,normal,noisynormal
b,set_b/Btraining_normal_Btraining_noisynormal_151_1306779785624_C.wav,normal,noisynormal
b,set_b/Btraining_normal_Btraining_noisynormal_154_1306935608852_C.wav,normal,noisynormal
b,set_b/Btraining_normal_Btraining_noisynormal_155_1306935902813_A.wav,normal,noisynormal
b,set_b/Btraining_normal_Btraining_noisynormal_155_1306935902813_C.wav,normal,noisynormal
b,set_b/Btraining_normal_Btraining_noisynormal_157_1306937583792_A.wav,normal,noisynormal
b,set_b/Btraining_normal_Btraining_noisynormal_157_1306937583792_B.wav,normal,noisynormal
b,set_b/Btraining_normal_Btraining_noisynormal_158_1306947254705_B1.wav,normal,noisynormal
b,set_b/Btraining_normal_Btraining_noisynormal_158_1306947254705_D.wav,normal,noisynormal
b,set_b/Btraining_normal_Btraining_noisynormal_159_1307018640315_A1.wav,normal,noisynormal
b,set_b/Btraining_normal_Btraining_noisynormal_159_1307018640315_B.wav,normal,noisynormal
b,set_b/Btraining_normal_Btraining_noisynormal_163_1307104470471_D1.wav,normal,noisynormal
b,set_b/Btraining_normal_Btraining_noisynormal_167_1307111318050_A1.wav,normal,noisynormal
b,set_b/Btraining_normal_Btraining_noisynormal_167_1307111318050_B.wav,normal,noisynormal
b,set_b/Btraining_normal_Btraining_noisynormal_168_1307970069434_A1.wav,normal,noisynormal
b,set_b/Btraining_normal_Btraining_noisynormal_169_1307970398039_A.wav,normal,noisynormal
b,set_b/Btraining_normal_Btraining_noisynormal_170_1307970562729_C1.wav,normal,noisynormal
b,set_b/Btraining_normal_Btraining_noisynormal_172_1307971284351_A.wav,normal,noisynormal
b,set_b/Btraining_normal_Btraining_noisynormal_173_1307973611151_B.wav,normal,noisynormal
b,set_b/Btraining_normal_Btraining_noisynormal_173_1307973611151_C1.wav,normal,noisynormal
b,set_b/Btraining_normal_Btraining_noisynormal_176_1307988171173_D.wav,normal,noisynormal
b,set_b/Btraining_normal_Btraining_noisynormal_178_1307989887769_B1.wav,normal,noisynormal
b,set_b/Btraining_normal_Btraining_noisynormal_181_1308052613891_A.wav,normal,noisynormal
b,set_b/Btraining_normal_Btraining_noisynormal_182_1308053371395_B.wav,normal,noisynormal
b,set_b/Btraining_normal_Btraining_noisynormal_188_1308074301731_A.wav,normal,noisynormal
b,set_b/Btraining_normal_Btraining_noisynormal_189_1308075231945_A1.wav,normal,noisynormal
b,set_b/Btraining_normal_Btraining_noisynormal_194_1308139824187_C.wav,normal,noisynormal
b,set_b/Btraining_normal_Btraining_noisynormal_198_1308141739338_D.wav,normal,noisynormal
b,set_b/Btraining_normal_Btraining_noisynormal_207_1308159792607_D.wav,normal,noisynormal
b,set_b/Btraining_normal_Btraining_noisynormal_216_1308245839516_D.wav,normal,noisynormal
b,set_b/Btraining_normal_Btraining_noisynormal_234_1308748855534_B.wav,normal,noisynormal
b,set_b/Btraining_normal_Btraining_noisynormal_246_1309199278902_D.wav,normal,noisynormal
b,set_b/Btraining_normal_Btraining_noisynormal_258_1309352253234_A.wav,normal,noisynormal
b,set_b/Btraining_normal_Btraining_noisynormal_264_1309356143724_B.wav,normal,noisynormal
b,set_b/Btraining_normal_Btraining_noisynormal_264_1309356143724_C.wav,normal,noisynormal
b,set_b/Btraining_normal_Btraining_noisynormal_264_1309356143724_D.wav,normal,noisynormal
b,set_b/Btraining_normal_Btraining_noisynormal_270_1309369533040_A.wav,normal,noisynormal
b,set_b/Btraining_normal_Btraining_noisynormal_270_1309369533040_B.wav,normal,noisynormal
b,set_b/Btraining_normal_Btraining_noisynormal_271_1309369876160_A.wav,normal,noisynormal
b,set_b/Btraining_normal_Btraining_noisynormal_271_1309369876160_C.wav,normal,noisynormal
b,set_b/Btraining_normal_Btraining_noisynormal_271_1309369876160_D.wav,normal,noisynormal
b,set_b/Btraining_normal_Btraining_noisynormal_278_1311163365896_B.wav,normal,noisynormal
b,set_b/Btraining_normal_Btraining_noisynormal_284_1311168471850_A.wav,normal,noisynormal
b,set_b/Btraining_normal_Btraining_noisynormal_284_1311168471850_B.wav,normal,noisynormal
b,set_b/Btraining_normal_Btraining_noisynormal_285_1311169246969_C.wav,normal,noisynormal
b,set_b/Btraining_normal_Btraining_noisynormal_296_1311682952647_C.wav,normal,noisynormal
b,set_b/Btraining_normal_Btraining_noisynormal_296_1311682952647_D.wav,normal,noisynormal
